"","site","date","collection_method","haul_number","sample_number","common_name","count","tl_mm","sl_mm","sex","gut_collected","isotope_sample","notes","site_code","fish_id","month","season","lifestage"
"1","Bechers",2019-06-15,"Seine","5",8,"Barred surfperch",1,199,165,"Female","Yes","Yes",NA,NA,"NA_2019-06-15_8",6,"Summer","Adult"
"2","Bechers",2019-06-15,"Seine","5",1,"Barred surfperch",1,344,270,"Male","Yes","Yes",NA,NA,"NA_2019-06-15_1",6,"Summer","Adult"
"3","Bechers",2019-06-15,"Seine","3",3,"Barred surfperch",1,314,250,"Male","Yes","Yes",NA,NA,"NA_2019-06-15_3",6,"Summer","Adult"
"4","Bechers",2019-06-15,"Seine","4",4,"Barred surfperch",1,264,211,"Male","Yes","Yes",NA,NA,"NA_2019-06-15_4",6,"Summer","Adult"
"5","Bechers",2019-06-15,"Seine","3",5,"Barred surfperch",1,274,224,"Male","Yes","Yes",NA,NA,"NA_2019-06-15_5",6,"Summer","Adult"
"6","Bechers",2019-06-15,"Seine","4",6,"Barred surfperch",1,209,166,"Male","Yes","Yes",NA,NA,"NA_2019-06-15_6",6,"Summer","Adult"
"7","Bechers",2019-06-15,"Seine","5",7,"Barred surfperch",1,198,157,"Male","Yes","Yes",NA,NA,"NA_2019-06-15_7",6,"Summer","Adult"
"8","Bechers",2019-06-15,"Seine","4",9,"Barred surfperch",1,197,156,"Male","Yes","Yes",NA,NA,"NA_2019-06-15_9",6,"Summer","Adult"
"9","Bechers",2019-06-15,"Seine","5",2,"Barred surfperch",1,201,159,NA,"Yes","Yes",NA,NA,"NA_2019-06-15_2",6,"Summer","Adult"
"10","Bechers",2019-06-15,"Seine","5",10,"Barred surfperch",1,69,55,NA,"Yes","Yes",NA,NA,"NA_2019-06-15_10",6,"Summer","Juvenile"
"11","Bechers",2019-06-15,"Seine","5",11,"Barred surfperch",1,71,58,NA,"Yes","Yes","gut mislabelled as 10",NA,"NA_2019-06-15_11",6,"Summer","Juvenile"
"12","Bechers",2019-06-15,"Seine","5",12,"Barred surfperch",1,65,51,NA,"Yes","Yes",NA,NA,"NA_2019-06-15_12",6,"Summer","Juvenile"
"13","Bechers",2019-06-15,"Seine","5",13,"Barred surfperch",1,72,56,NA,"Yes","Yes",NA,NA,"NA_2019-06-15_13",6,"Summer","Juvenile"
"14","Bechers",2019-06-15,"Seine","5",14,"Barred surfperch",1,69,55,NA,"Yes","Yes",NA,NA,"NA_2019-06-15_14",6,"Summer","Juvenile"
"15","Percos",2020-07-26,"Seine",NA,185,"Barred surfperch",1,91,70,"Female","Yes","Yes",NA,1,"1_2020-07-26_185",7,"Summer","Juvenile"
"16","Percos",2020-07-26,"Seine",NA,186,"Barred surfperch",1,85,65,"Female","Yes","Yes",NA,1,"1_2020-07-26_186",7,"Summer","Juvenile"
"17","Percos",2020-07-26,"Seine",NA,187,"Barred surfperch",1,87,68,"Female","Yes","Yes",NA,1,"1_2020-07-26_187",7,"Summer","Juvenile"
"18","Percos",2020-07-26,"Seine",NA,189,"Barred surfperch",1,280,222,"Female","Yes","Yes",NA,1,"1_2020-07-26_189",7,"Summer","Adult"
"19","Percos",2020-07-26,"Seine",NA,200,"Barred surfperch",1,226,180,"Female","Yes","Yes",NA,1,"1_2020-07-26_200",7,"Summer","Adult"
"20","Percos",2020-07-26,"Seine",NA,205,"Barred surfperch",1,160,127,"Female","Yes","Yes",NA,1,"1_2020-07-26_205",7,"Summer","Juvenile"
"21","Percos",2020-07-26,"Seine",NA,206,"Barred surfperch",1,147,116,"Female","Yes","Yes",NA,1,"1_2020-07-26_206",7,"Summer","Juvenile"
"22","Percos",2020-07-26,"Seine",NA,210,"Barred surfperch",1,270,216,"Female","Yes","Yes",NA,1,"1_2020-07-26_210",7,"Summer","Adult"
"23","Percos",2020-07-26,"Seine",NA,211,"Barred surfperch",1,215,172,"Female","Yes","Yes",NA,1,"1_2020-07-26_211",7,"Summer","Adult"
"24","Percos",2020-10-16,"Seine",NA,305,"Barred surfperch",1,105,82,"Female","Yes","Yes",NA,1,"1_2020-10-16_305",10,"Fall","Juvenile"
"25","Percos",2020-10-16,"Seine",NA,306,"Barred surfperch",1,98,76,"Female","Yes","Yes",NA,1,"1_2020-10-16_306",10,"Fall","Juvenile"
"26","Percos",2020-10-16,"Seine",NA,310,"Barred surfperch",1,205,167,"Female","Yes","Yes",NA,1,"1_2020-10-16_310",10,"Fall","Adult"
"27","Percos",2020-10-16,"Seine",NA,313,"Barred surfperch",1,200,155,"Female","Yes","Yes",NA,1,"1_2020-10-16_313",10,"Fall","Adult"
"28","Percos",2020-10-16,"Seine",NA,318,"Barred surfperch",1,186,145,"Female","Yes","Yes",NA,1,"1_2020-10-16_318",10,"Fall","Adult"
"29","Percos",2020-10-16,"Seine",NA,319,"Barred surfperch",1,175,135,"Female","Yes","Yes",NA,1,"1_2020-10-16_319",10,"Fall","Adult"
"30","Percos",2020-10-16,"Seine",NA,320,"Barred surfperch",1,177,138,"Female","Yes","Yes",NA,1,"1_2020-10-16_320",10,"Fall","Adult"
"31","Percos",2020-10-16,"Seine",NA,326,"Barred surfperch",1,98,75,"Female","Yes","Yes",NA,1,"1_2020-10-16_326",10,"Fall","Juvenile"
"32","Percos",2019-07-23,"Seine","1",35,"Barred surfperch",1,330,260,"Female","Yes","Yes",NA,1,"1_2019-07-23_35",7,"Summer","Adult"
"33","Percos",2019-07-23,"Seine","1",38,"Barred surfperch",1,301,239,"Female","Yes","Yes",NA,1,"1_2019-07-23_38",7,"Summer","Adult"
"34","Percos",2019-07-23,"Seine","6",43,"Barred surfperch",1,322,262,"Female","Yes","Yes",NA,1,"1_2019-07-23_43",7,"Summer","Adult"
"35","Percos",2019-07-23,"Seine","2",44,"Barred surfperch",1,206,164,"Female","Yes","Yes",NA,1,"1_2019-07-23_44",7,"Summer","Adult"
"36","Percos",2019-07-23,"Seine","2",45,"Barred surfperch",1,157,123,"Female","Yes","Yes",NA,1,"1_2019-07-23_45",7,"Summer","Juvenile"
"37","Percos",2019-07-23,"Seine","1",46,"Barred surfperch",1,101,78,"Female","Yes","Yes",NA,1,"1_2019-07-23_46",7,"Summer","Juvenile"
"38","Percos",2019-09-04,"Seine","1",68,"Barred surfperch",1,110,88,"Female","Yes","Yes","Saved for guts",1,"1_2019-09-04_68",9,"Fall","Juvenile"
"39","Percos",2019-09-04,"Seine","1",71,"Barred surfperch",1,116,84,"Female","Yes","Yes","Saved for guts",1,"1_2019-09-04_71",9,"Fall","Juvenile"
"40","Percos",2019-09-04,"Seine","2",72,"Barred surfperch",1,183,145,"Female","Yes","Yes","Saved for guts- Measurement elsewhere",1,"1_2019-09-04_72",9,"Fall","Adult"
"41","Percos",2019-09-04,"Seine","4",77,"Barred surfperch",1,257,200,"Female","Yes","Yes","Saved for guts",1,"1_2019-09-04_77",9,"Fall","Adult"
"42","Percos",2019-09-04,"Seine","4",79,"Barred surfperch",1,207,162,"Female","Yes","Yes","dead- vouchered for guts",1,"1_2019-09-04_79",9,"Fall","Adult"
"43","Percos",2019-09-04,"Seine","3",76,"Barred surfperch",1,300,237,"Female","Yes","Yes","guts collected/ isotope sample- LG",1,"1_2019-09-04_76",9,"Fall","Adult"
"44","Percos",2019-09-04,"Seine","5",81,"Barred surfperch",1,256,209,"Female","Yes","Yes","guts collected/ isotope sample- LG",1,"1_2019-09-04_81",9,"Fall","Adult"
"45","Percos",2019-09-04,"Seine","NA",69,"Barred surfperch",1,259,205,"Female","Yes","Yes","rod and reed",1,"1_2019-09-04_69",9,"Fall","Adult"
"46","Percos",2019-09-04,"Seine","NA",75,"Barred surfperch",1,250,199,"Female","Yes","Yes","rod and reed",1,"1_2019-09-04_75",9,"Fall","Adult"
"47","Percos",2020-10-16,"Seine",NA,304,"Barred surfperch",1,96,75,"Juvenile","Yes","Yes",NA,1,"1_2020-10-16_304",10,"Fall","Juvenile"
"48","Percos",2020-10-16,"Seine",NA,307,"Barred surfperch",1,93,70,"Juvenile","Yes","Yes",NA,1,"1_2020-10-16_307",10,"Fall","Juvenile"
"49","Percos",2019-07-23,"Seine","1",47,"Barred surfperch",1,95,75,"Juvenile","Yes","Yes",NA,1,"1_2019-07-23_47",7,"Summer","Juvenile"
"50","Percos",2019-07-23,"Seine","1",48,"Barred surfperch",1,85,66,"Juvenile","Yes","Yes",NA,1,"1_2019-07-23_48",7,"Summer","Juvenile"
"51","Percos",2019-07-23,"Seine","1",49,"Barred surfperch",1,86,67,"Juvenile","Yes","Yes",NA,1,"1_2019-07-23_49",7,"Summer","Juvenile"
"52","Percos",2019-07-23,"Seine","1",50,"Barred surfperch",1,85,61,"Juvenile","Yes","Yes",NA,1,"1_2019-07-23_50",7,"Summer","Juvenile"
"53","Percos",2020-07-26,"Seine",NA,190,"Barred surfperch",1,78,61,"Juvenile","Yes","Yes",NA,1,"1_2020-07-26_190",7,"Summer","Juvenile"
"54","Percos",2020-07-26,"Seine",NA,191,"Barred surfperch",1,81,64,"Juvenile","Yes","Yes",NA,1,"1_2020-07-26_191",7,"Summer","Juvenile"
"55","Percos",2020-07-26,"Seine",NA,192,"Barred surfperch",1,72,55,"Juvenile","Yes","Yes",NA,1,"1_2020-07-26_192",7,"Summer","Juvenile"
"56","Percos",2020-07-26,"Seine",NA,193,"Barred surfperch",1,74,57,"Juvenile","Yes","Yes",NA,1,"1_2020-07-26_193",7,"Summer","Juvenile"
"57","Percos",2020-07-26,"Seine",NA,194,"Barred surfperch",1,75,58,"Juvenile","Yes","Yes",NA,1,"1_2020-07-26_194",7,"Summer","Juvenile"
"58","Percos",2020-07-26,"Seine",NA,195,"Barred surfperch",1,73,57,"Juvenile","Yes","Yes",NA,1,"1_2020-07-26_195",7,"Summer","Juvenile"
"59","Percos",2020-07-26,"Seine",NA,196,"Barred surfperch",1,72,57,"Juvenile","Yes","Yes",NA,1,"1_2020-07-26_196",7,"Summer","Juvenile"
"60","Percos",2020-07-26,"Seine",NA,197,"Barred surfperch",1,70,55,"Juvenile","Yes","Yes",NA,1,"1_2020-07-26_197",7,"Summer","Juvenile"
"61","Percos",2020-07-26,"Seine",NA,198,"Barred surfperch",1,71,55,"Juvenile","Yes","Yes",NA,1,"1_2020-07-26_198",7,"Summer","Juvenile"
"62","Percos",2020-07-26,"Seine",NA,182,"Barred surfperch",1,177,138,"Male","Yes","Yes",NA,1,"1_2020-07-26_182",7,"Summer","Adult"
"63","Percos",2020-07-26,"Seine",NA,183,"Barred surfperch",1,220,175,"Male","Yes","Yes",NA,1,"1_2020-07-26_183",7,"Summer","Adult"
"64","Percos",2020-07-26,"Seine",NA,184,"Barred surfperch",1,182,146,"Male","Yes","Yes",NA,1,"1_2020-07-26_184",7,"Summer","Adult"
"65","Percos",2020-07-26,"Seine",NA,188,"Barred surfperch",1,81,63,"Male","Yes","Yes",NA,1,"1_2020-07-26_188",7,"Summer","Juvenile"
"66","Percos",2020-07-26,"Seine",NA,199,"Barred surfperch",1,152,120,"Male","Yes","Yes",NA,1,"1_2020-07-26_199",7,"Summer","Juvenile"
"67","Percos",2020-07-26,"Seine",NA,201,"Barred surfperch",1,218,173,"Male","Yes","Yes",NA,1,"1_2020-07-26_201",7,"Summer","Adult"
"68","Percos",2020-07-26,"Seine",NA,202,"Barred surfperch",1,159,127,"Male","Yes","Yes",NA,1,"1_2020-07-26_202",7,"Summer","Juvenile"
"69","Percos",2020-07-26,"Seine",NA,204,"Barred surfperch",1,193,149,"Male","Yes","Yes",NA,1,"1_2020-07-26_204",7,"Summer","Adult"
"70","Percos",2020-07-26,"Seine",NA,207,"Barred surfperch",1,117,91,"Male","Yes","Yes",NA,1,"1_2020-07-26_207",7,"Summer","Juvenile"
"71","Percos",2020-07-26,"Seine",NA,208,"Barred surfperch",1,218,173,"Male","Yes","Yes",NA,1,"1_2020-07-26_208",7,"Summer","Adult"
"72","Percos",2020-07-26,"Seine",NA,209,"Barred surfperch",1,277,222,"Male","Yes","Yes",NA,1,"1_2020-07-26_209",7,"Summer","Adult"
"73","Percos",2020-07-26,"Seine",NA,212,"Barred surfperch",1,148,118,"Male","Yes","Yes",NA,1,"1_2020-07-26_212",7,"Summer","Juvenile"
"74","Percos",2020-10-16,"Seine",NA,300,"Barred surfperch",1,262,207,"Male","Yes","Yes",NA,1,"1_2020-10-16_300",10,"Fall","Adult"
"75","Percos",2020-10-16,"Seine",NA,301,"Barred surfperch",1,107,83,"Male","Yes","Yes",NA,1,"1_2020-10-16_301",10,"Fall","Juvenile"
"76","Percos",2020-10-16,"Seine",NA,302,"Barred surfperch",1,112,90,"Male","Yes","Yes",NA,1,"1_2020-10-16_302",10,"Fall","Juvenile"
"77","Percos",2020-10-16,"Seine",NA,303,"Barred surfperch",1,107,82,"Male","Yes","Yes",NA,1,"1_2020-10-16_303",10,"Fall","Juvenile"
"78","Percos",2020-10-16,"Seine",NA,308,"Barred surfperch",1,197,153,"Male","Yes","Yes",NA,1,"1_2020-10-16_308",10,"Fall","Adult"
"79","Percos",2020-10-16,"Seine",NA,309,"Barred surfperch",1,195,154,"Male","Yes","Yes",NA,1,"1_2020-10-16_309",10,"Fall","Adult"
"80","Percos",2020-10-16,"Seine",NA,311,"Barred surfperch",1,243,187,"Male","Yes","Yes",NA,1,"1_2020-10-16_311",10,"Fall","Adult"
"81","Percos",2020-10-16,"Seine",NA,312,"Barred surfperch",1,245,193,"Male","Yes","Yes",NA,1,"1_2020-10-16_312",10,"Fall","Adult"
"82","Percos",2020-10-16,"Seine",NA,314,"Barred surfperch",1,198,155,"Male","Yes","Yes",NA,1,"1_2020-10-16_314",10,"Fall","Adult"
"83","Percos",2020-10-16,"Seine",NA,315,"Barred surfperch",1,266,212,"Male","Yes","Yes",NA,1,"1_2020-10-16_315",10,"Fall","Adult"
"84","Percos",2020-10-16,"Seine",NA,316,"Barred surfperch",1,255,204,"Male","Yes","Yes",NA,1,"1_2020-10-16_316",10,"Fall","Adult"
"85","Percos",2020-10-16,"Seine",NA,317,"Barred surfperch",1,245,193,"Male","Yes","Yes",NA,1,"1_2020-10-16_317",10,"Fall","Adult"
"86","Percos",2020-10-16,"Seine",NA,321,"Barred surfperch",1,174,136,"Male","Yes","Yes",NA,1,"1_2020-10-16_321",10,"Fall","Adult"
"87","Percos",2020-10-16,"Seine",NA,322,"Barred surfperch",1,114,89,"Male","Yes","Yes",NA,1,"1_2020-10-16_322",10,"Fall","Juvenile"
"88","Percos",2020-10-16,"Seine",NA,323,"Barred surfperch",1,95,74,"Male","Yes","Yes",NA,1,"1_2020-10-16_323",10,"Fall","Juvenile"
"89","Percos",2020-10-16,"Seine",NA,324,"Barred surfperch",1,115,90,"Male","Yes","Yes",NA,1,"1_2020-10-16_324",10,"Fall","Juvenile"
"90","Percos",2020-10-16,"Seine",NA,325,"Barred surfperch",1,110,85,"Male","Yes","Yes",NA,1,"1_2020-10-16_325",10,"Fall","Juvenile"
"91","Percos",2020-10-16,"Seine",NA,327,"Barred surfperch",1,90,60,"Male","Yes","Yes",NA,1,"1_2020-10-16_327",10,"Fall","Juvenile"
"92","Percos",2019-07-23,"Seine","1",34,"Barred surfperch",1,295,230,"Male","Yes","Yes",NA,1,"1_2019-07-23_34",7,"Summer","Adult"
"93","Percos",2019-07-23,"Seine","3",36,"Barred surfperch",1,298,244,"Male","Yes","Yes",NA,1,"1_2019-07-23_36",7,"Summer","Adult"
"94","Percos",2019-07-23,"Seine","1",37,"Barred surfperch",1,271,215,"Male","Yes","Yes",NA,1,"1_2019-07-23_37",7,"Summer","Adult"
"95","Percos",2019-07-23,"Seine","1",39,"Barred surfperch",1,288,230,"Male","Yes","Yes",NA,1,"1_2019-07-23_39",7,"Summer","Adult"
"96","Percos",2019-07-23,"Seine","1",40,"Barred surfperch",1,233,184,"Male","Yes","Yes",NA,1,"1_2019-07-23_40",7,"Summer","Adult"
"97","Percos",2019-07-23,"Seine","2",41,"Barred surfperch",1,221,175,"Male","Yes","Yes",NA,1,"1_2019-07-23_41",7,"Summer","Adult"
"98","Percos",2019-07-23,"Seine","2",42,"Barred surfperch",1,145,119,"Male","Yes","Yes",NA,1,"1_2019-07-23_42",7,"Summer","Juvenile"
"99","Percos",2019-09-04,"Seine","1",66,"Barred surfperch",1,109,87,"Male","Yes","Yes","Saved for guts",1,"1_2019-09-04_66",9,"Fall","Juvenile"
"100","Percos",2019-09-04,"Seine","1",67,"Barred surfperch",1,112,88,"Male","Yes","Yes","Saved for guts",1,"1_2019-09-04_67",9,"Fall","Juvenile"
"101","Percos",2019-09-04,"Seine","1",70,"Barred surfperch",1,112,84,"Male","Yes","Yes","Saved for guts",1,"1_2019-09-04_70",9,"Fall","Juvenile"
"102","Percos",2019-09-04,"Seine","2",73,"Barred surfperch",1,200,158,"Male","Yes","Yes","Saved for guts- Measurement elsewhere",1,"1_2019-09-04_73",9,"Fall","Adult"
"103","Percos",2019-09-04,"Seine","4",78,"Barred surfperch",1,228,180,"Male","Yes","Yes","saved for guts",1,"1_2019-09-04_78",9,"Fall","Adult"
"104","Percos",2019-09-04,"Seine","2",74,"Barred surfperch",1,249,196,"Male","Yes","Yes","guts collected/ isotope sample-MD",1,"1_2019-09-04_74",9,"Fall","Adult"
"105","Percos",2019-09-04,"Seine","5",80,"Barred surfperch",1,249,204,"Male","Yes","Yes","guts collected/ isotope sample- LG",1,"1_2019-09-04_80",9,"Fall","Adult"
"106","R Beach",2020-07-14,"Seine","1",129,"Barred surfperch",1,171,134,"Female","Yes","Yes",NA,3,"3_2020-07-14_129",7,"Summer","Adult"
"107","R Beach",2020-07-14,"Seine","1",132,"Barred surfperch",1,102,79,"Female","Yes","Yes",NA,3,"3_2020-07-14_132",7,"Summer","Juvenile"
"108","R Beach",2020-07-14,"Seine","1",133,"Barred surfperch",1,104,81,"Female","Yes","Yes",NA,3,"3_2020-07-14_133",7,"Summer","Juvenile"
"109","R Beach",2020-07-14,"Seine","1",134,"Barred surfperch",1,90,70,"Female","Yes","Yes",NA,3,"3_2020-07-14_134",7,"Summer","Juvenile"
"110","R Beach",2020-07-14,"Seine","1",135,"Barred surfperch",1,109,86,"Female","Yes","Yes",NA,3,"3_2020-07-14_135",7,"Summer","Juvenile"
"111","R Beach",2020-07-14,"Seine","3",136,"Barred surfperch",1,276,218,"Female","Yes","Yes",NA,3,"3_2020-07-14_136",7,"Summer","Adult"
"112","R Beach",2020-07-14,"Seine","1",143,"Barred surfperch",1,95,73,"Female","Yes","Yes",NA,3,"3_2020-07-14_143",7,"Summer","Juvenile"
"113","R Beach",2020-07-14,"Seine","1",144,"Barred surfperch",1,91,72,"Female","Yes","Yes",NA,3,"3_2020-07-14_144",7,"Summer","Juvenile"
"114","R Beach",2020-07-20,"Seine","1",152,"Barred surfperch",1,231,184,"Female","Yes","Yes",NA,3,"3_2020-07-20_152",7,"Summer","Adult"
"115","R Beach",2020-07-20,"Seine","1",153,"Barred surfperch",1,149,118,"Female","Yes","Yes",NA,3,"3_2020-07-20_153",7,"Summer","Juvenile"
"116","R Beach",2020-07-20,"Seine","1",154,"Barred surfperch",1,88,68,"Female","Yes","Yes",NA,3,"3_2020-07-20_154",7,"Summer","Juvenile"
"117","R Beach",2020-07-20,"Seine","2",157,"Barred surfperch",1,236,189,"Female","Yes","Yes",NA,3,"3_2020-07-20_157",7,"Summer","Adult"
"118","R Beach",2020-07-20,"Seine","4",162,"Barred surfperch",1,164,127,"Female","Yes","Yes",NA,3,"3_2020-07-20_162",7,"Summer","Juvenile"
"119","R Beach",2020-07-20,"Seine","4",163,"Barred surfperch",1,270,214,"Female","Yes","Yes",NA,3,"3_2020-07-20_163",7,"Summer","Adult"
"120","R Beach",2020-07-20,"Seine","4",166,"Barred surfperch",1,240,190,"Female","Yes","Yes",NA,3,"3_2020-07-20_166",7,"Summer","Adult"
"121","R Beach",2020-07-20,"Seine","4",167,"Barred surfperch",1,160,125,"Female","Yes","Yes",NA,3,"3_2020-07-20_167",7,"Summer","Juvenile"
"122","R Beach",2020-07-20,"Seine","4",168,"Barred surfperch",1,174,135,"Female","Yes","Yes",NA,3,"3_2020-07-20_168",7,"Summer","Adult"
"123","R Beach",2020-07-20,"Seine","4",169,"Barred surfperch",1,176,136,"Female","Yes","Yes",NA,3,"3_2020-07-20_169",7,"Summer","Adult"
"124","R Beach",2020-07-20,"Seine","4",170,"Barred surfperch",1,161,126,"Female","Yes","Yes",NA,3,"3_2020-07-20_170",7,"Summer","Juvenile"
"125","R Beach",2020-07-20,"Seine","5",173,"Barred surfperch",1,245,195,"Female","Yes","Yes",NA,3,"3_2020-07-20_173",7,"Summer","Adult"
"126","R Beach",2020-07-20,"Seine","5",176,"Barred surfperch",1,115,90,"Female","Yes","Yes",NA,3,"3_2020-07-20_176",7,"Summer","Juvenile"
"127","R Beach",2020-07-20,"Seine","6",177,"Barred surfperch",1,114,91,"Female","Yes","Yes",NA,3,"3_2020-07-20_177",7,"Summer","Juvenile"
"128","R Beach",2020-07-20,"Seine","6",179,"Barred surfperch",1,98,75,"Female","Yes","Yes",NA,3,"3_2020-07-20_179",7,"Summer","Juvenile"
"129","R Beach",2020-09-18,"Seine","3",185,"Barred surfperch",1,173,136,"Female","Yes","Yes",NA,3,"3_2020-09-18_185",9,"Fall","Adult"
"130","R Beach",2020-09-18,"Seine","3",186,"Barred surfperch",1,161,125,"Female","Yes","Yes",NA,3,"3_2020-09-18_186",9,"Fall","Juvenile"
"131","R Beach",2020-09-18,"Seine","3",187,"Barred surfperch",1,166,132,"Female","Yes","Yes",NA,3,"3_2020-09-18_187",9,"Fall","Adult"
"132","R Beach",2020-09-18,"Seine","3",188,"Barred surfperch",1,250,201,"Female","Yes","Yes",NA,3,"3_2020-09-18_188",9,"Fall","Adult"
"133","R Beach",2020-09-18,"Seine","3",191,"Barred surfperch",1,180,142,"Female","Yes","Yes",NA,3,"3_2020-09-18_191",9,"Fall","Adult"
"134","R Beach",2020-09-18,"Seine","4",194,"Barred surfperch",1,165,131,"Female","Yes","Yes",NA,3,"3_2020-09-18_194",9,"Fall","Adult"
"135","R Beach",2020-09-18,"Seine","5",197,"Barred surfperch",1,282,224,"Female","Yes","Yes","3 parasites",3,"3_2020-09-18_197",9,"Fall","Adult"
"136","R Beach",2020-09-18,"Seine","6",199,"Barred surfperch",1,222,177,"Female","Yes","Yes",NA,3,"3_2020-09-18_199",9,"Fall","Adult"
"137","R Beach",2020-09-18,"Seine","6",200,"Barred surfperch",1,240,191,"Female","Yes","Yes",NA,3,"3_2020-09-18_200",9,"Fall","Adult"
"138","R Beach",2020-09-18,"Seine","7",201,"Barred surfperch",1,255,203,"Female","Yes","Yes",NA,3,"3_2020-09-18_201",9,"Fall","Adult"
"139","R Beach",2020-09-18,"Seine","7",203,"Barred surfperch",1,131,102,"Female","Yes","Yes",NA,3,"3_2020-09-18_203",9,"Fall","Juvenile"
"140","R Beach",2020-10-09,"Seine","5",205,"Barred surfperch",1,184,142,"Female","Yes","Yes",NA,3,"3_2020-10-09_205",10,"Fall","Adult"
"141","R Beach",2020-10-09,"Seine","5",211,"Barred surfperch",1,199,157,"Female","Yes","Yes",NA,3,"3_2020-10-09_211",10,"Fall","Adult"
"142","R Beach",2020-10-09,"Seine","5",214,"Barred surfperch",1,144,112,"Female","Yes","Yes",NA,3,"3_2020-10-09_214",10,"Fall","Juvenile"
"143","R Beach",2020-10-09,"Seine","4",217,"Barred surfperch",1,285,227,"Female","Yes","Yes",NA,3,"3_2020-10-09_217",10,"Fall","Adult"
"144","R Beach",2020-10-09,"Seine","4",218,"Barred surfperch",1,256,202,"Female","Yes","Yes",NA,3,"3_2020-10-09_218",10,"Fall","Adult"
"145","R Beach",2020-10-09,"Seine","4",219,"Barred surfperch",1,197,160,"Female","Yes","Yes",NA,3,"3_2020-10-09_219",10,"Fall","Adult"
"146","R Beach",2020-10-09,"Seine","4",221,"Barred surfperch",1,187,146,"Female","Yes","Yes",NA,3,"3_2020-10-09_221",10,"Fall","Adult"
"147","R Beach",2020-10-09,"Seine","2",226,"Barred surfperch",1,182,145,"Female","Yes","Yes",NA,3,"3_2020-10-09_226",10,"Fall","Adult"
"148","R Beach",2020-11-17,"Seine",NA,328,"Barred surfperch",1,254,203,"Female","Yes","Yes",NA,3,"3_2020-11-17_328",11,"Fall","Adult"
"149","R Beach",2020-11-17,"Seine",NA,329,"Barred surfperch",1,254,195,"Female","Yes","Yes",NA,3,"3_2020-11-17_329",11,"Fall","Adult"
"150","R Beach",2020-11-17,"Seine",NA,330,"Barred surfperch",1,220,173,"Female","Yes","Yes",NA,3,"3_2020-11-17_330",11,"Fall","Adult"
"151","R Beach",2020-11-17,"Seine",NA,333,"Barred surfperch",1,200,157,"Female","Yes","Yes",NA,3,"3_2020-11-17_333",11,"Fall","Adult"
"152","R Beach",2020-11-17,"Seine",NA,334,"Barred surfperch",1,187,144,"Female","Yes","Yes",NA,3,"3_2020-11-17_334",11,"Fall","Adult"
"153","R Beach",2020-11-17,"Seine",NA,335,"Barred surfperch",1,188,144,"Female","Yes","Yes",NA,3,"3_2020-11-17_335",11,"Fall","Adult"
"154","R Beach",2020-11-17,"Seine",NA,336,"Barred surfperch",1,194,153,"Female","Yes","Yes",NA,3,"3_2020-11-17_336",11,"Fall","Adult"
"155","R Beach",2020-11-17,"Seine",NA,339,"Barred surfperch",1,173,135,"Female","Yes","Yes",NA,3,"3_2020-11-17_339",11,"Fall","Adult"
"156","R Beach",2020-11-17,"Seine",NA,343,"Barred surfperch",1,140,110,"Female","Yes","Yes",NA,3,"3_2020-11-17_343",11,"Fall","Juvenile"
"157","R Beach",2020-11-17,"Seine",NA,345,"Barred surfperch",1,139,107,"Female","Yes","Yes",NA,3,"3_2020-11-17_345",11,"Fall","Juvenile"
"158","R Beach",2020-11-17,"Seine",NA,346,"Barred surfperch",1,127,97,"Female","Yes","Yes",NA,3,"3_2020-11-17_346",11,"Fall","Juvenile"
"159","R Beach",2020-11-17,"Seine",NA,351,"Barred surfperch",1,115,87,"Female","Yes","Yes",NA,3,"3_2020-11-17_351",11,"Fall","Juvenile"
"160","R Beach",2020-11-17,"Seine",NA,352,"Barred surfperch",1,130,98,"Female","Yes","Yes",NA,3,"3_2020-11-17_352",11,"Fall","Juvenile"
"161","R Beach",2020-11-22,"Seine",NA,361,"Barred surfperch",1,217,170,"Female","Yes","Yes",NA,3,"3_2020-11-22_361",11,"Fall","Adult"
"162","R Beach",2020-11-22,"Seine",NA,363,"Barred surfperch",1,213,165,"Female","Yes","Yes",NA,3,"3_2020-11-22_363",11,"Fall","Adult"
"163","R Beach",2020-11-22,"Seine",NA,365,"Barred surfperch",1,214,169,"Female","Yes","Yes",NA,3,"3_2020-11-22_365",11,"Fall","Adult"
"164","R Beach",2020-11-22,"Seine",NA,367,"Barred surfperch",1,205,163,"Female","Yes","Yes",NA,3,"3_2020-11-22_367",11,"Fall","Adult"
"165","R Beach",2020-11-22,"Seine",NA,370,"Barred surfperch",1,136,105,"Female","Yes","Yes",NA,3,"3_2020-11-22_370",11,"Fall","Juvenile"
"166","R Beach",2020-11-22,"Seine",NA,371,"Barred surfperch",1,113,88,"Female","Yes","Yes",NA,3,"3_2020-11-22_371",11,"Fall","Juvenile"
"167","R Beach",2020-11-22,"Seine",NA,375,"Barred surfperch",1,102,79,"Female","Yes","Yes",NA,3,"3_2020-11-22_375",11,"Fall","Juvenile"
"168","R Beach",2020-07-14,"Seine","1",130,"Barred surfperch",1,89,70,"Juvenile","Yes","Yes",NA,3,"3_2020-07-14_130",7,"Summer","Juvenile"
"169","R Beach",2020-07-14,"Seine","1",131,"Barred surfperch",1,70,55,"Juvenile","Yes","Yes",NA,3,"3_2020-07-14_131",7,"Summer","Juvenile"
"170","R Beach",2020-07-14,"Seine","6",142,"Barred surfperch",1,92,72,"Juvenile","Yes","Yes",NA,3,"3_2020-07-14_142",7,"Summer","Juvenile"
"171","R Beach",2020-07-14,"Seine","1",145,"Barred surfperch",1,86,67,"Juvenile","Yes","Yes",NA,3,"3_2020-07-14_145",7,"Summer","Juvenile"
"172","R Beach",2020-07-14,"Seine","4",147,"Barred surfperch",1,84,64,"Juvenile","Yes","Yes",NA,3,"3_2020-07-14_147",7,"Summer","Juvenile"
"173","R Beach",2020-07-14,"Seine","6",148,"Barred surfperch",1,75,58,"Juvenile","Yes","Yes",NA,3,"3_2020-07-14_148",7,"Summer","Juvenile"
"174","R Beach",2020-07-14,"Seine","6",149,"Barred surfperch",1,77,60,"Juvenile","Yes","Yes",NA,3,"3_2020-07-14_149",7,"Summer","Juvenile"
"175","R Beach",2020-07-14,"Seine","2",150,"Barred surfperch",1,75,59,"Juvenile","Yes","Yes",NA,3,"3_2020-07-14_150",7,"Summer","Juvenile"
"176","R Beach",2020-07-14,"Seine","5",151,"Barred surfperch",1,69,53,"Juvenile","Yes","Yes",NA,3,"3_2020-07-14_151",7,"Summer","Juvenile"
"177","R Beach",2020-07-20,"Seine","1",155,"Barred surfperch",1,84,65,"Juvenile","Yes","Yes",NA,3,"3_2020-07-20_155",7,"Summer","Juvenile"
"178","R Beach",2020-07-14,"Seine","3",137,"Barred surfperch",1,220,173,"Male","Yes","Yes",NA,3,"3_2020-07-14_137",7,"Summer","Adult"
"179","R Beach",2020-07-14,"Seine","3",138,"Barred surfperch",1,170,134,"Male","Yes","Yes",NA,3,"3_2020-07-14_138",7,"Summer","Adult"
"180","R Beach",2020-07-14,"Seine","6",139,"Barred surfperch",1,164,129,"Male","Yes","Yes",NA,3,"3_2020-07-14_139",7,"Summer","Juvenile"
"181","R Beach",2020-07-14,"Seine","6",140,"Barred surfperch",1,100,78,"Male","Yes","Yes",NA,3,"3_2020-07-14_140",7,"Summer","Juvenile"
"182","R Beach",2020-07-14,"Seine","6",141,"Barred surfperch",1,108,83,"Male","Yes","Yes",NA,3,"3_2020-07-14_141",7,"Summer","Juvenile"
"183","R Beach",2020-07-14,"Seine","4",146,"Barred surfperch",1,93,73,"Male","Yes","Yes",NA,3,"3_2020-07-14_146",7,"Summer","Juvenile"
"184","R Beach",2020-07-20,"Seine","2",156,"Barred surfperch",1,250,197,"Male","Yes","Yes",NA,3,"3_2020-07-20_156",7,"Summer","Adult"
"185","R Beach",2020-07-20,"Seine","3",158,"Barred surfperch",1,92,72,"Male","Yes","Yes",NA,3,"3_2020-07-20_158",7,"Summer","Juvenile"
"186","R Beach",2020-07-20,"Seine","3",159,"Barred surfperch",1,176,137,"Male","Yes","Yes",NA,3,"3_2020-07-20_159",7,"Summer","Adult"
"187","R Beach",2020-07-20,"Seine","4",160,"Barred surfperch",1,154,120,"Male","Yes","Yes",NA,3,"3_2020-07-20_160",7,"Summer","Juvenile"
"188","R Beach",2020-07-20,"Seine","4",161,"Barred surfperch",1,175,140,"Male","Yes","Yes",NA,3,"3_2020-07-20_161",7,"Summer","Adult"
"189","R Beach",2020-07-20,"Seine","4",164,"Barred surfperch",1,162,126,"Male","Yes","Yes",NA,3,"3_2020-07-20_164",7,"Summer","Juvenile"
"190","R Beach",2020-07-20,"Seine","4",165,"Barred surfperch",1,175,137,"Male","Yes","Yes",NA,3,"3_2020-07-20_165",7,"Summer","Adult"
"191","R Beach",2020-07-20,"Seine","4",171,"Barred surfperch",1,183,144,"Male","Yes","Yes",NA,3,"3_2020-07-20_171",7,"Summer","Adult"
"192","R Beach",2020-07-20,"Seine","4",172,"Barred surfperch",1,92,72,"Male","Yes","Yes",NA,3,"3_2020-07-20_172",7,"Summer","Juvenile"
"193","R Beach",2020-07-20,"Seine","5",174,"Barred surfperch",1,239,187,"Male","Yes","Yes",NA,3,"3_2020-07-20_174",7,"Summer","Adult"
"194","R Beach",2020-07-20,"Seine","5",175,"Barred surfperch",1,166,130,"Male","Yes","Yes",NA,3,"3_2020-07-20_175",7,"Summer","Adult"
"195","R Beach",2020-07-20,"Seine","6",178,"Barred surfperch",1,100,79,"Male","Yes","Yes",NA,3,"3_2020-07-20_178",7,"Summer","Juvenile"
"196","R Beach",2020-07-20,"Seine","6",180,"Barred surfperch",1,87,67,"Male","Yes","Yes",NA,3,"3_2020-07-20_180",7,"Summer","Juvenile"
"197","R Beach",2020-07-20,"Seine","6",181,"Barred surfperch",1,79,60,"Male","Yes","Yes",NA,3,"3_2020-07-20_181",7,"Summer","Juvenile"
"198","R Beach",2020-09-18,"Seine","1",182,"Barred surfperch",1,106,83,"Male","Yes","Yes",NA,3,"3_2020-09-18_182",9,"Fall","Juvenile"
"199","R Beach",2020-09-18,"Seine","1",183,"Barred surfperch",1,180,142,"Male","Yes","Yes",NA,3,"3_2020-09-18_183",9,"Fall","Adult"
"200","R Beach",2020-09-18,"Seine","2",184,"Barred surfperch",1,176,138,"Male","Yes","Yes",NA,3,"3_2020-09-18_184",9,"Fall","Adult"
"201","R Beach",2020-09-18,"Seine","3",189,"Barred surfperch",1,166,134,"Male","Yes","Yes",NA,3,"3_2020-09-18_189",9,"Fall","Adult"
"202","R Beach",2020-09-18,"Seine","3",190,"Barred surfperch",1,180,143,"Male","Yes","Yes","parasite",3,"3_2020-09-18_190",9,"Fall","Adult"
"203","R Beach",2020-09-18,"Seine","3",192,"Barred surfperch",1,162,127,"Male","Yes","Yes",NA,3,"3_2020-09-18_192",9,"Fall","Juvenile"
"204","R Beach",2020-09-18,"Seine","4",193,"Barred surfperch",1,161,125,"Male","Yes","Yes",NA,3,"3_2020-09-18_193",9,"Fall","Juvenile"
"205","R Beach",2020-09-18,"Seine","4",195,"Barred surfperch",1,220,175,"Male","Yes","Yes",NA,3,"3_2020-09-18_195",9,"Fall","Adult"
"206","R Beach",2020-09-18,"Seine","4",196,"Barred surfperch",1,165,129,"Male","Yes","Yes",NA,3,"3_2020-09-18_196",9,"Fall","Juvenile"
"207","R Beach",2020-09-18,"Seine","5",198,"Barred surfperch",1,177,140,"Male","Yes","Yes",NA,3,"3_2020-09-18_198",9,"Fall","Adult"
"208","R Beach",2020-09-18,"Seine","7",202,"Barred surfperch",1,185,146,"Male","Yes","Yes",NA,3,"3_2020-09-18_202",9,"Fall","Adult"
"209","R Beach",2020-09-18,"Seine","7",204,"Barred surfperch",1,116,91,"Male","Yes","Yes",NA,3,"3_2020-09-18_204",9,"Fall","Juvenile"
"210","R Beach",2020-10-09,"Seine","5",206,"Barred surfperch",1,215,170,"Male","Yes","Yes",NA,3,"3_2020-10-09_206",10,"Fall","Adult"
"211","R Beach",2020-10-09,"Seine","5",207,"Barred surfperch",1,260,204,"Male","Yes","Yes","large gonads",3,"3_2020-10-09_207",10,"Fall","Adult"
"212","R Beach",2020-10-09,"Seine","5",208,"Barred surfperch",1,270,214,"Male","Yes","Yes",NA,3,"3_2020-10-09_208",10,"Fall","Adult"
"213","R Beach",2020-10-09,"Seine","5",209,"Barred surfperch",1,276,219,"Male","Yes","Yes",NA,3,"3_2020-10-09_209",10,"Fall","Adult"
"214","R Beach",2020-10-09,"Seine","5",210,"Barred surfperch",1,232,182,"Male","Yes","Yes",NA,3,"3_2020-10-09_210",10,"Fall","Adult"
"215","R Beach",2020-10-09,"Seine","5",212,"Barred surfperch",1,185,145,"Male","Yes","Yes",NA,3,"3_2020-10-09_212",10,"Fall","Adult"
"216","R Beach",2020-10-09,"Seine","5",213,"Barred surfperch",1,156,123,"Male","Yes","Yes",NA,3,"3_2020-10-09_213",10,"Fall","Juvenile"
"217","R Beach",2020-10-09,"Seine","5",215,"Barred surfperch",1,120,92,"Male","Yes","Yes",NA,3,"3_2020-10-09_215",10,"Fall","Juvenile"
"218","R Beach",2020-10-09,"Seine","3",216,"Barred surfperch",1,129,101,"Male","Yes","Yes",NA,3,"3_2020-10-09_216",10,"Fall","Juvenile"
"219","R Beach",2020-10-09,"Seine","4",220,"Barred surfperch",1,200,157,"Male","Yes","Yes",NA,3,"3_2020-10-09_220",10,"Fall","Adult"
"220","R Beach",2020-10-09,"Seine","4",222,"Barred surfperch",1,109,86,"Male","Yes","Yes",NA,3,"3_2020-10-09_222",10,"Fall","Juvenile"
"221","R Beach",2020-10-09,"Seine","4",223,"Barred surfperch",1,105,82,"Male","Yes","Yes",NA,3,"3_2020-10-09_223",10,"Fall","Juvenile"
"222","R Beach",2020-10-09,"Seine","4",224,"Barred surfperch",1,109,86,"Male","Yes","Yes",NA,3,"3_2020-10-09_224",10,"Fall","Juvenile"
"223","R Beach",2020-10-09,"Seine","2",225,"Barred surfperch",1,165,131,"Male","Yes","Yes",NA,3,"3_2020-10-09_225",10,"Fall","Adult"
"224","R Beach",2020-10-09,"Seine","2",227,"Barred surfperch",1,179,142,"Male","Yes","Yes",NA,3,"3_2020-10-09_227",10,"Fall","Adult"
"225","R Beach",2020-10-09,"Seine","2",228,"Barred surfperch",1,180,141,"Male","Yes","Yes",NA,3,"3_2020-10-09_228",10,"Fall","Adult"
"226","R Beach",2020-10-09,"Seine","2",229,"Barred surfperch",1,180,140,"Male","Yes","Yes",NA,3,"3_2020-10-09_229",10,"Fall","Adult"
"227","R Beach",2020-10-09,"Seine","2",230,"Barred surfperch",1,200,160,"Male","Yes","Yes",NA,3,"3_2020-10-09_230",10,"Fall","Adult"
"228","R Beach",2020-10-09,"Seine","2",231,"Barred surfperch",1,212,166,"Male","Yes","Yes",NA,3,"3_2020-10-09_231",10,"Fall","Adult"
"229","R Beach",2020-10-09,"Seine","2",232,"Barred surfperch",1,241,192,"Male","Yes","Yes",NA,3,"3_2020-10-09_232",10,"Fall","Adult"
"230","R Beach",2020-10-09,"Seine","1",233,"Barred surfperch",1,125,97,"Male","Yes","Yes",NA,3,"3_2020-10-09_233",10,"Fall","Juvenile"
"231","R Beach",2020-10-09,"Seine","1",234,"Barred surfperch",1,164,128,"Male","Yes","Yes",NA,3,"3_2020-10-09_234",10,"Fall","Juvenile"
"232","R Beach",2020-10-09,"Seine","1",235,"Barred surfperch",1,200,158,"Male","Yes","Yes",NA,3,"3_2020-10-09_235",10,"Fall","Adult"
"233","R Beach",2020-11-17,"Seine",NA,331,"Barred surfperch",1,180,142,"Male","Yes","Yes","mature",3,"3_2020-11-17_331",11,"Fall","Adult"
"234","R Beach",2020-11-17,"Seine",NA,332,"Barred surfperch",1,190,147,"Male","Yes","Yes","mature",3,"3_2020-11-17_332",11,"Fall","Adult"
"235","R Beach",2020-11-17,"Seine",NA,337,"Barred surfperch",1,180,140,"Male","Yes","Yes","mature",3,"3_2020-11-17_337",11,"Fall","Adult"
"236","R Beach",2020-11-17,"Seine",NA,338,"Barred surfperch",1,179,138,"Male","Yes","Yes","mature",3,"3_2020-11-17_338",11,"Fall","Adult"
"237","R Beach",2020-11-17,"Seine",NA,340,"Barred surfperch",1,170,133,"Male","Yes","Yes","mature",3,"3_2020-11-17_340",11,"Fall","Adult"
"238","R Beach",2020-11-17,"Seine",NA,341,"Barred surfperch",1,133,102,"Male","Yes","Yes","immature",3,"3_2020-11-17_341",11,"Fall","Juvenile"
"239","R Beach",2020-11-17,"Seine",NA,342,"Barred surfperch",1,136,104,"Male","Yes","Yes",NA,3,"3_2020-11-17_342",11,"Fall","Juvenile"
"240","R Beach",2020-11-17,"Seine",NA,344,"Barred surfperch",1,142,109,"Male","Yes","Yes","immature",3,"3_2020-11-17_344",11,"Fall","Juvenile"
"241","R Beach",2020-11-17,"Seine",NA,347,"Barred surfperch",1,129,99,"Male","Yes","Yes","immature",3,"3_2020-11-17_347",11,"Fall","Juvenile"
"242","R Beach",2020-11-17,"Seine",NA,348,"Barred surfperch",1,129,100,"Male","Yes","Yes","immature",3,"3_2020-11-17_348",11,"Fall","Juvenile"
"243","R Beach",2020-11-17,"Seine",NA,349,"Barred surfperch",1,117,90,"Male","Yes","Yes",NA,3,"3_2020-11-17_349",11,"Fall","Juvenile"
"244","R Beach",2020-11-17,"Seine",NA,350,"Barred surfperch",1,120,92,"Male","Yes","Yes",NA,3,"3_2020-11-17_350",11,"Fall","Juvenile"
"245","R Beach",2020-11-17,"Seine",NA,353,"Barred surfperch",1,111,85,"Male","Yes","Yes",NA,3,"3_2020-11-17_353",11,"Fall","Juvenile"
"246","R Beach",2020-11-17,"Seine",NA,354,"Barred surfperch",1,103,79,"Male","Yes","Yes",NA,3,"3_2020-11-17_354",11,"Fall","Juvenile"
"247","R Beach",2020-11-17,"Seine",NA,355,"Barred surfperch",1,108,83,"Male","Yes","Yes",NA,3,"3_2020-11-17_355",11,"Fall","Juvenile"
"248","R Beach",2020-11-22,"Seine",NA,356,"Barred surfperch",1,343,306,"Male","Yes","Yes","mature",3,"3_2020-11-22_356",11,"Fall","Adult"
"249","R Beach",2020-11-22,"Seine",NA,357,"Barred surfperch",1,340,304,"Male","Yes","Yes","mature",3,"3_2020-11-22_357",11,"Fall","Adult"
"250","R Beach",2020-11-22,"Seine",NA,358,"Barred surfperch",1,214,164,"Male","Yes","Yes","mature",3,"3_2020-11-22_358",11,"Fall","Adult"
"251","R Beach",2020-11-22,"Seine",NA,359,"Barred surfperch",1,235,185,"Male","Yes","Yes","mature",3,"3_2020-11-22_359",11,"Fall","Adult"
"252","R Beach",2020-11-22,"Seine",NA,360,"Barred surfperch",1,234,184,"Male","Yes","Yes","mature",3,"3_2020-11-22_360",11,"Fall","Adult"
"253","R Beach",2020-11-22,"Seine",NA,362,"Barred surfperch",1,200,158,"Male","Yes","Yes","mature",3,"3_2020-11-22_362",11,"Fall","Adult"
"254","R Beach",2020-11-22,"Seine",NA,364,"Barred surfperch",1,198,156,"Male","Yes","Yes","mature",3,"3_2020-11-22_364",11,"Fall","Adult"
"255","R Beach",2020-11-22,"Seine",NA,366,"Barred surfperch",1,183,144,"Male","Yes","Yes",NA,3,"3_2020-11-22_366",11,"Fall","Adult"
"256","R Beach",2020-11-22,"Seine",NA,368,"Barred surfperch",1,141,112,"Male","Yes","Yes",NA,3,"3_2020-11-22_368",11,"Fall","Juvenile"
"257","R Beach",2020-11-22,"Seine",NA,369,"Barred surfperch",1,129,100,"Male","Yes","Yes",NA,3,"3_2020-11-22_369",11,"Fall","Juvenile"
"258","R Beach",2020-11-22,"Seine",NA,372,"Barred surfperch",1,124,96,"Male","Yes","Yes",NA,3,"3_2020-11-22_372",11,"Fall","Juvenile"
"259","R Beach",2020-11-22,"Seine",NA,373,"Barred surfperch",1,132,102,"Male","Yes","Yes",NA,3,"3_2020-11-22_373",11,"Fall","Juvenile"
"260","R Beach",2020-11-22,"Seine",NA,374,"Barred surfperch",1,128,97,"Male","Yes","Yes",NA,3,"3_2020-11-22_374",11,"Fall","Juvenile"
"261","R Beach",2020-11-22,"Seine",NA,376,"Barred surfperch",1,104,82,"Male","Yes","Yes",NA,3,"3_2020-11-22_376",11,"Fall","Juvenile"
"262","R Beach",2020-11-22,"Seine",NA,377,"Barred surfperch",1,118,90,"Male","Yes","Yes",NA,3,"3_2020-11-22_377",11,"Fall","Juvenile"
"263","R Beach",2020-11-22,"Seine",NA,378,"Barred surfperch",1,107,82,"Male","Yes","Yes",NA,3,"3_2020-11-22_378",11,"Fall","Juvenile"
"264","Refugio",2020-02-21,"Seine","1",102,"Barred surfperch",1,130,101,"Female","Yes","Yes",NA,2,"2_2020-02-21_102",2,"Winter","Juvenile"
"265","Refugio",2020-02-21,"Seine","2",103,"Barred surfperch",1,130,100,"Female","Yes","Yes",NA,2,"2_2020-02-21_103",2,"Winter","Juvenile"
"266","Refugio",2020-02-21,"Seine","2",105,"Barred surfperch",1,121,93,"Female","Yes","Yes",NA,2,"2_2020-02-21_105",2,"Winter","Juvenile"
"267","Refugio",2020-02-21,"Seine","6",109,"Barred surfperch",1,153,120,"Female","Yes","Yes",NA,2,"2_2020-02-21_109",2,"Winter","Juvenile"
"268","Refugio",2020-07-10,"Seine",NA,114,"Barred surfperch",1,107,81,"Female","Yes","Yes",NA,2,"2_2020-07-10_114",7,"Summer","Juvenile"
"269","Refugio",2020-07-10,"Seine",NA,121,"Barred surfperch",1,93,73,"Female","Yes","Yes",NA,2,"2_2020-07-10_121",7,"Summer","Juvenile"
"270","Refugio",2020-07-10,"Seine",NA,122,"Barred surfperch",1,95,75,"Female","Yes","Yes",NA,2,"2_2020-07-10_122",7,"Summer","Juvenile"
"271","Refugio",2020-07-10,"Seine",NA,123,"Barred surfperch",1,92,73,"Female","Yes","Yes",NA,2,"2_2020-07-10_123",7,"Summer","Juvenile"
"272","Refugio",2020-10-15,"Seine","1",237,"Barred surfperch",1,136,108,"Female","Yes","Yes",NA,2,"2_2020-10-15_237",10,"Fall","Juvenile"
"273","Refugio",2020-10-15,"Seine","1",238,"Barred surfperch",1,149,118,"Female","Yes","Yes",NA,2,"2_2020-10-15_238",10,"Fall","Juvenile"
"274","Refugio",2020-10-15,"Seine","1",240,"Barred surfperch",1,128,98,"Female","Yes","Yes",NA,2,"2_2020-10-15_240",10,"Fall","Juvenile"
"275","Refugio",2020-10-15,"Seine","1",241,"Barred surfperch",1,133,104,"Female","Yes","Yes",NA,2,"2_2020-10-15_241",10,"Fall","Juvenile"
"276","Refugio",2020-10-15,"Seine","3",246,"Barred surfperch",1,120,93,"Female","Yes","Yes",NA,2,"2_2020-10-15_246",10,"Fall","Juvenile"
"277","Refugio",2020-10-15,"Seine","3",247,"Barred surfperch",1,121,90,"Female","Yes","Yes",NA,2,"2_2020-10-15_247",10,"Fall","Juvenile"
"278","Refugio",2020-10-15,"Seine","3",249,"Barred surfperch",1,109,85,"Female","Yes","Yes",NA,2,"2_2020-10-15_249",10,"Fall","Juvenile"
"279","Refugio",2020-10-15,"Seine","3",250,"Barred surfperch",1,121,94,"Female","Yes","Yes",NA,2,"2_2020-10-15_250",10,"Fall","Juvenile"
"280","Refugio",2020-10-15,"Seine","5",254,"Barred surfperch",1,146,115,"Female","Yes","Yes",NA,2,"2_2020-10-15_254",10,"Fall","Juvenile"
"281","Refugio",2020-10-15,"Seine","5",255,"Barred surfperch",1,110,85,"Female","Yes","Yes",NA,2,"2_2020-10-15_255",10,"Fall","Juvenile"
"282","Refugio",2020-10-15,"Seine","5",257,"Barred surfperch",1,92,71,"Female","Yes","Yes",NA,2,"2_2020-10-15_257",10,"Fall","Juvenile"
"283","Refugio",2020-10-15,"Seine","6",258,"Barred surfperch",1,109,85,"Female","Yes","Yes",NA,2,"2_2020-10-15_258",10,"Fall","Juvenile"
"284","Refugio",2020-10-15,"Seine","6",259,"Barred surfperch",1,146,113,"Female","Yes","Yes",NA,2,"2_2020-10-15_259",10,"Fall","Juvenile"
"285","Refugio",2020-10-15,"Seine","6",260,"Barred surfperch",1,110,85,"Female","Yes","Yes",NA,2,"2_2020-10-15_260",10,"Fall","Juvenile"
"286","Refugio",2020-10-15,"Seine","6",261,"Barred surfperch",1,118,91,"Female","Yes","Yes",NA,2,"2_2020-10-15_261",10,"Fall","Juvenile"
"287","Refugio",2020-10-15,"Seine","6",262,"Barred surfperch",1,125,97,"Female","Yes","Yes",NA,2,"2_2020-10-15_262",10,"Fall","Juvenile"
"288","Refugio",2020-10-15,"Seine","6",264,"Barred surfperch",1,102,80,"Female","Yes","Yes",NA,2,"2_2020-10-15_264",10,"Fall","Juvenile"
"289","Refugio",2020-10-15,"Seine","6",266,"Barred surfperch",1,113,88,"Female","Yes","Yes",NA,2,"2_2020-10-15_266",10,"Fall","Juvenile"
"290","Refugio",2019-06-27,"Rod and Reel","NA",26,"Barred surfperch",1,264,220,"Female","Yes","Yes",NA,2,"2_2019-06-27_26",6,"Summer","Adult"
"291","Refugio",2019-06-27,"Rod and Reel","NA",28,"Barred surfperch",1,272,220,"Female","Yes","Yes",NA,2,"2_2019-06-27_28",6,"Summer","Adult"
"292","Refugio",2019-06-27,"Rod and Reel","NA",32,"Barred surfperch",1,220,173,"Female","Yes","Yes",NA,2,"2_2019-06-27_32",6,"Summer","Adult"
"293","Refugio",2020-10-15,"Seine","2",242,"Barred surfperch",1,89,69,"Juvenile","Yes","Yes",NA,2,"2_2020-10-15_242",10,"Fall","Juvenile"
"294","Refugio",2020-07-10,"Seine",NA,120,"Barred surfperch",1,93,73,"Juvenile","Yes","Yes",NA,2,"2_2020-07-10_120",7,"Summer","Juvenile"
"295","Refugio",2020-07-10,"Seine",NA,124,"Barred surfperch",1,91,71,"Juvenile","Yes","Yes",NA,2,"2_2020-07-10_124",7,"Summer","Juvenile"
"296","Refugio",2020-07-10,"Seine",NA,125,"Barred surfperch",1,87,67,"Juvenile","Yes","Yes",NA,2,"2_2020-07-10_125",7,"Summer","Juvenile"
"297","Refugio",2020-07-10,"Seine",NA,128,"Barred surfperch",1,74,57,"Juvenile","Yes","Yes",NA,2,"2_2020-07-10_128",7,"Summer","Juvenile"
"298","Refugio",2020-02-21,"Seine","1",101,"Barred surfperch",1,128,101,"Male","Yes","Yes",NA,2,"2_2020-02-21_101",2,"Winter","Juvenile"
"299","Refugio",2020-02-21,"Seine","2",104,"Barred surfperch",1,136,105,"Male","Yes","Yes",NA,2,"2_2020-02-21_104",2,"Winter","Juvenile"
"300","Refugio",2020-02-21,"Seine","5",106,"Barred surfperch",1,120,92,"Male","Yes","Yes",NA,2,"2_2020-02-21_106",2,"Winter","Juvenile"
"301","Refugio",2020-02-21,"Seine","6",107,"Barred surfperch",1,164,127,"Male","Yes","Yes",NA,2,"2_2020-02-21_107",2,"Winter","Juvenile"
"302","Refugio",2020-02-21,"Seine","6",108,"Barred surfperch",1,210,166,"Male","Yes","Yes",NA,2,"2_2020-02-21_108",2,"Winter","Adult"
"303","Refugio",2020-02-21,"Seine","6",110,"Barred surfperch",1,125,90,"Male","Yes","Yes",NA,2,"2_2020-02-21_110",2,"Winter","Juvenile"
"304","Refugio",2020-02-21,"Seine","6",111,"Barred surfperch",1,117,84,"Male","Yes","Yes",NA,2,"2_2020-02-21_111",2,"Winter","Juvenile"
"305","Refugio",2020-02-21,"Seine","7",112,"Barred surfperch",1,138,116,"Male","Yes","Yes",NA,2,"2_2020-02-21_112",2,"Winter","Juvenile"
"306","Refugio",2020-07-10,"Seine",NA,113,"Barred surfperch",1,163,127,"Male","Yes","Yes",NA,2,"2_2020-07-10_113",7,"Summer","Juvenile"
"307","Refugio",2020-07-10,"Seine",NA,115,"Barred surfperch",1,110,87,"Male","Yes","Yes","Red fins",2,"2_2020-07-10_115",7,"Summer","Juvenile"
"308","Refugio",2020-07-10,"Seine",NA,116,"Barred surfperch",1,162,131,"Male","Yes","Yes",NA,2,"2_2020-07-10_116",7,"Summer","Adult"
"309","Refugio",2020-07-10,"Seine",NA,117,"Barred surfperch",1,105,82,"Male","Yes","Yes",NA,2,"2_2020-07-10_117",7,"Summer","Juvenile"
"310","Refugio",2020-07-10,"Seine",NA,118,"Barred surfperch",1,105,82,"Male","Yes","Yes",NA,2,"2_2020-07-10_118",7,"Summer","Juvenile"
"311","Refugio",2020-07-10,"Seine",NA,119,"Barred surfperch",1,105,83,"Male","Yes","Yes",NA,2,"2_2020-07-10_119",7,"Summer","Juvenile"
"312","Refugio",2020-07-10,"Seine",NA,126,"Barred surfperch",1,155,123,"Male","Yes","Yes","hook and line (2 sandcrabs)",2,"2_2020-07-10_126",7,"Summer","Juvenile"
"313","Refugio",2020-07-10,"Seine",NA,127,"Barred surfperch",1,188,148,"Male","Yes","Yes","hook and line (1 sandcrab)",2,"2_2020-07-10_127",7,"Summer","Adult"
"314","Refugio",2020-10-15,"Seine","1",236,"Barred surfperch",1,119,92,"Male","Yes","Yes",NA,2,"2_2020-10-15_236",10,"Fall","Juvenile"
"315","Refugio",2020-10-15,"Seine","1",239,"Barred surfperch",1,103,79,"Male","Yes","Yes",NA,2,"2_2020-10-15_239",10,"Fall","Juvenile"
"316","Refugio",2020-10-15,"Seine","2",243,"Barred surfperch",1,115,89,"Male","Yes","Yes",NA,2,"2_2020-10-15_243",10,"Fall","Juvenile"
"317","Refugio",2020-10-15,"Seine","2",244,"Barred surfperch",1,116,91,"Male","Yes","Yes",NA,2,"2_2020-10-15_244",10,"Fall","Juvenile"
"318","Refugio",2020-10-15,"Seine","3",245,"Barred surfperch",1,116,90,"Male","Yes","Yes",NA,2,"2_2020-10-15_245",10,"Fall","Juvenile"
"319","Refugio",2020-10-15,"Seine","3",248,"Barred surfperch",1,129,100,"Male","Yes","Yes",NA,2,"2_2020-10-15_248",10,"Fall","Juvenile"
"320","Refugio",2020-10-15,"Seine","3",251,"Barred surfperch",1,111,86,"Male","Yes","Yes",NA,2,"2_2020-10-15_251",10,"Fall","Juvenile"
"321","Refugio",2020-10-15,"Seine","4",252,"Barred surfperch",1,132,104,"Male","Yes","Yes",NA,2,"2_2020-10-15_252",10,"Fall","Juvenile"
"322","Refugio",2020-10-15,"Seine","5",253,"Barred surfperch",1,121,95,"Male","Yes","Yes",NA,2,"2_2020-10-15_253",10,"Fall","Juvenile"
"323","Refugio",2020-10-15,"Seine","5",256,"Barred surfperch",1,147,119,"Male","Yes","Yes",NA,2,"2_2020-10-15_256",10,"Fall","Juvenile"
"324","Refugio",2020-10-15,"Seine","6",263,"Barred surfperch",1,128,100,"Male","Yes","Yes",NA,2,"2_2020-10-15_263",10,"Fall","Juvenile"
"325","Refugio",2020-10-15,"Seine","6",265,"Barred surfperch",1,120,92,"Male","Yes","Yes",NA,2,"2_2020-10-15_265",10,"Fall","Juvenile"
"326","Refugio",2019-06-27,"Rod and Reel","NA",25,"Barred surfperch",1,238,196,"Male","Yes","Yes",NA,2,"2_2019-06-27_25",6,"Summer","Adult"
"327","Refugio",2019-06-27,"Rod and Reel","NA",27,"Barred surfperch",1,247,195,"Male","Yes","Yes",NA,2,"2_2019-06-27_27",6,"Summer","Adult"
"328","Refugio",2019-06-27,"Rod and Reel","NA",30,"Barred surfperch",1,241,203,"Male","Yes","Yes",NA,2,"2_2019-06-27_30",6,"Summer","Adult"
"329","Refugio",2019-06-27,"Rod and Reel","NA",31,"Barred surfperch",1,265,210,"Male","Yes","Yes",NA,2,"2_2019-06-27_31",6,"Summer","Adult"
"330","Refugio",2019-06-27,"Rod and Reel","NA",33,"Barred surfperch",1,232,185,"Male","Yes","Yes",NA,2,"2_2019-06-27_33",6,"Summer","Adult"
"331","Refugio",2019-06-27,"Rod and Reel","NA",29,"Barred surfperch",1,195,162,"Male","Yes","Yes","Looks like sand dollar fragments in gut",2,"2_2019-06-27_29",6,"Summer","Adult"
"332","Refugio",2019-06-26,"Seine","1",18,"Barred surfperch",1,69,54,NA,"Yes","Yes",NA,2,"2_2019-06-26_18",6,"Summer","Juvenile"
"333","Refugio",2019-06-26,"Seine","1",20,"Barred surfperch",1,70,56,NA,"Yes","Yes",NA,2,"2_2019-06-26_20",6,"Summer","Juvenile"
"334","Refugio",2019-06-26,"Seine","1",19,"Barred surfperch",1,79,62,NA,"Yes","Yes",NA,2,"2_2019-06-26_19",6,"Summer","Juvenile"
"335","Refugio",2019-06-26,"Seine","1",16,"Barred surfperch",1,84,66,NA,"Yes","Yes",NA,2,"2_2019-06-26_16",6,"Summer","Juvenile"
"336","Refugio",2019-06-26,"Seine","1",17,"Barred surfperch",1,68,51,NA,"Yes","Yes",NA,2,"2_2019-06-26_17",6,"Summer","Juvenile"
"337","Refugio",2019-06-26,"Seine","2",22,"Barred surfperch",1,206,162,NA,"Yes","Yes",NA,2,"2_2019-06-26_22",6,"Summer","Adult"
"338","Refugio",2019-06-26,"Seine","3",21,"Barred surfperch",1,295,239,NA,"Yes","Yes",NA,2,"2_2019-06-26_21",6,"Summer","Adult"
"339","Refugio",2019-06-26,"Seine","5",24,"Barred surfperch",1,90,71,NA,"Yes","Yes",NA,2,"2_2019-06-26_24",6,"Summer","Juvenile"
"340","Refugio",2019-06-26,"Seine","5",23,"Barred surfperch",1,95,75,NA,"Yes","Yes",NA,2,"2_2019-06-26_23",6,"Summer","Juvenile"
"341","Refugio",2019-09-05,"Seine",NA,54,"Barred surfperch",1,130,102,"Female","Yes","Yes","guts collected/ isotope sample- medium",2,"2_2019-09-05_54",9,"Fall","Juvenile"
"342","Refugio",2019-09-05,"Seine",NA,55,"Barred surfperch",1,103,80,"Juvenile","Yes","Yes","guts collected/ isotope sample- small",2,"2_2019-09-05_55",9,"Fall","Juvenile"
"343","Refugio",2019-09-05,"Seine",NA,56,"Barred surfperch",1,96,75,"Juvenile","Yes","Yes","guts collected/ isotope collected- small",2,"2_2019-09-05_56",9,"Fall","Juvenile"
"344","Refugio",2019-09-05,"Seine",NA,57,"Barred surfperch",1,100,75,"Juvenile","Yes","Yes","guts collected/ isotope sample- small",2,"2_2019-09-05_57",9,"Fall","Juvenile"
"345","Refugio",2019-09-05,"Seine",NA,51,"Barred surfperch",1,125,100,"Male","Yes","Yes","guts collected/ isotope sample- small",2,"2_2019-09-05_51",9,"Fall","Juvenile"
"346","Refugio",2019-09-05,"Seine",NA,52,"Barred surfperch",1,128,101,"Male","Yes","Yes","guts collected/ isotope collected- medium ?",2,"2_2019-09-05_52",9,"Fall","Juvenile"
"347","Refugio",2019-09-05,"Seine",NA,53,"Barred surfperch",1,119,93,"Male","Yes","Yes","guts collected/ isotope sample- small",2,"2_2019-09-05_53",9,"Fall","Juvenile"
